model,year,good_days,bad_days
ACCESS-CM2,2025,33,1
ACCESS-CM2,2030,28,1
ACCESS-CM2,2035,37,3
ACCESS-CM2,2040,31,1
ACCESS-CM2,2045,41,0
ACCESS-CM2,2050,12,2
ACCESS-CM2,2055,22,1
ACCESS-CM2,2060,11,1
ACCESS-CM2,2065,10,6
ACCESS-CM2,2070,16,1
ACCESS-CM2,2075,5,0
ACCESS-CM2,2080,1,2
ACCESS-CM2,2085,1,1
ACCESS-CM2,2090,2,1
ACCESS-CM2,2095,3,2
ACCESS-CM2,2100,0,1
ACCESS-ESM1-5,2025,49,1
ACCESS-ESM1-5,2030,27,0
ACCESS-ESM1-5,2035,37,1
ACCESS-ESM1-5,2040,31,1
ACCESS-ESM1-5,2045,33,0
ACCESS-ESM1-5,2050,26,0
ACCESS-ESM1-5,2055,15,0
ACCESS-ESM1-5,2060,36,1
ACCESS-ESM1-5,2065,21,2
ACCESS-ESM1-5,2070,29,5
ACCESS-ESM1-5,2075,13,0
ACCESS-ESM1-5,2080,49,1
ACCESS-ESM1-5,2085,32,1
ACCESS-ESM1-5,2090,10,1
ACCESS-ESM1-5,2095,28,1
ACCESS-ESM1-5,2100,30,1
BCC-CSM2-MR,2025,0,0
BCC-CSM2-MR,2030,0,0
BCC-CSM2-MR,2035,0,0
BCC-CSM2-MR,2040,0,0
BCC-CSM2-MR,2045,0,0
BCC-CSM2-MR,2050,0,0
BCC-CSM2-MR,2055,0,0
BCC-CSM2-MR,2060,0,0
BCC-CSM2-MR,2065,0,0
BCC-CSM2-MR,2070,0,0
BCC-CSM2-MR,2075,0,0
BCC-CSM2-MR,2080,0,0
BCC-CSM2-MR,2085,0,0
BCC-CSM2-MR,2090,0,0
BCC-CSM2-MR,2095,0,0
BCC-CSM2-MR,2100,0,0
CESM2,2025,44,4
CESM2,2030,29,3
CESM2,2035,27,1
CESM2,2040,28,3
CESM2,2045,38,1
CESM2,2050,41,4
CESM2,2055,16,3
CESM2,2060,25,2
CESM2,2065,21,2
CESM2,2070,11,3
CESM2,2075,18,2
CESM2,2080,5,3
CESM2,2085,13,1
CESM2,2090,1,0
CESM2,2095,1,1
CESM2,2100,3,2
CESM2-WACCM,2025,32,6
CESM2-WACCM,2030,25,1
CESM2-WACCM,2035,33,1
CESM2-WACCM,2040,31,6
CESM2-WACCM,2045,22,3
CESM2-WACCM,2050,19,3
CESM2-WACCM,2055,20,0
CESM2-WACCM,2060,17,4
CESM2-WACCM,2065,32,3
CESM2-WACCM,2070,5,2
CESM2-WACCM,2075,12,1
CESM2-WACCM,2080,9,2
CESM2-WACCM,2085,1,5
CESM2-WACCM,2090,0,1
CESM2-WACCM,2095,1,4
CESM2-WACCM,2100,0,1
CMCC-CM2-SR5,2025,0,0
CMCC-CM2-SR5,2030,0,0
CMCC-CM2-SR5,2035,0,0
CMCC-CM2-SR5,2040,0,0
CMCC-CM2-SR5,2045,0,0
CMCC-CM2-SR5,2050,0,0
CMCC-CM2-SR5,2055,0,0
CMCC-CM2-SR5,2060,0,0
CMCC-CM2-SR5,2065,0,0
CMCC-CM2-SR5,2070,0,0
CMCC-CM2-SR5,2075,0,0
CMCC-CM2-SR5,2080,0,0
CMCC-CM2-SR5,2085,0,0
CMCC-CM2-SR5,2090,0,0
CMCC-CM2-SR5,2095,0,0
CMCC-CM2-SR5,2100,0,0
CMCC-ESM2,2025,33,8
CMCC-ESM2,2030,34,9
CMCC-ESM2,2035,36,4
CMCC-ESM2,2040,23,0
CMCC-ESM2,2045,24,2
CMCC-ESM2,2050,21,3
CMCC-ESM2,2055,13,3
CMCC-ESM2,2060,18,5
CMCC-ESM2,2065,5,5
CMCC-ESM2,2070,7,6
CMCC-ESM2,2075,4,10
CMCC-ESM2,2080,3,3
CMCC-ESM2,2085,7,7
CMCC-ESM2,2090,3,7
CMCC-ESM2,2095,0,5
CMCC-ESM2,2100,4,13
CNRM-CM6-1,2025,27,3
CNRM-CM6-1,2030,44,2
CNRM-CM6-1,2035,44,1
CNRM-CM6-1,2040,19,3
CNRM-CM6-1,2045,38,1
CNRM-CM6-1,2050,28,9
CNRM-CM6-1,2055,30,5
CNRM-CM6-1,2060,11,3
CNRM-CM6-1,2065,24,7
CNRM-CM6-1,2070,32,11
CNRM-CM6-1,2075,22,2
CNRM-CM6-1,2080,17,2
CNRM-CM6-1,2085,2,2
CNRM-CM6-1,2090,1,3
CNRM-CM6-1,2095,2,2
CNRM-CM6-1,2100,0,8
CNRM-ESM2-1,2025,26,1
CNRM-ESM2-1,2030,25,8
CNRM-ESM2-1,2035,24,1
CNRM-ESM2-1,2040,36,0
CNRM-ESM2-1,2045,34,2
CNRM-ESM2-1,2050,26,7
CNRM-ESM2-1,2055,23,0
CNRM-ESM2-1,2060,17,2
CNRM-ESM2-1,2065,18,2
CNRM-ESM2-1,2070,28,3
CNRM-ESM2-1,2075,9,2
CNRM-ESM2-1,2080,5,2
CNRM-ESM2-1,2085,5,10
CNRM-ESM2-1,2090,7,4
CNRM-ESM2-1,2095,3,4
CNRM-ESM2-1,2100,3,6
CanESM5,2025,24,0
CanESM5,2030,11,4
CanESM5,2035,16,1
CanESM5,2040,15,1
CanESM5,2045,10,0
CanESM5,2050,9,0
CanESM5,2055,12,1
CanESM5,2060,2,2
CanESM5,2065,0,2
CanESM5,2070,5,4
CanESM5,2075,1,2
CanESM5,2080,0,6
CanESM5,2085,1,6
CanESM5,2090,0,3
CanESM5,2095,0,3
CanESM5,2100,0,5
EC-Earth3,2025,22,7
EC-Earth3,2030,16,3
EC-Earth3,2035,12,7
EC-Earth3,2040,6,9
EC-Earth3,2045,28,13
EC-Earth3,2050,22,12
EC-Earth3,2055,12,4
EC-Earth3,2060,18,14
EC-Earth3,2065,4,12
EC-Earth3,2070,14,12
EC-Earth3,2075,11,8
EC-Earth3,2080,9,15
EC-Earth3,2085,0,10
EC-Earth3,2090,3,14
EC-Earth3,2095,8,7
EC-Earth3,2100,0,12
EC-Earth3-Veg-LR,2025,35,11
EC-Earth3-Veg-LR,2030,34,6
EC-Earth3-Veg-LR,2035,32,9
EC-Earth3-Veg-LR,2040,14,3
EC-Earth3-Veg-LR,2045,45,3
EC-Earth3-Veg-LR,2050,21,10
EC-Earth3-Veg-LR,2055,24,5
EC-Earth3-Veg-LR,2060,25,1
EC-Earth3-Veg-LR,2065,19,9
EC-Earth3-Veg-LR,2070,7,6
EC-Earth3-Veg-LR,2075,13,4
EC-Earth3-Veg-LR,2080,10,14
EC-Earth3-Veg-LR,2085,2,6
EC-Earth3-Veg-LR,2090,13,5
EC-Earth3-Veg-LR,2095,0,8
EC-Earth3-Veg-LR,2100,0,13
FGOALS-g3,2025,24,3
FGOALS-g3,2030,22,1
FGOALS-g3,2035,28,0
FGOALS-g3,2040,17,2
FGOALS-g3,2045,20,0
FGOALS-g3,2050,36,6
FGOALS-g3,2055,23,5
FGOALS-g3,2060,20,0
FGOALS-g3,2065,23,5
FGOALS-g3,2070,12,3
FGOALS-g3,2075,12,2
FGOALS-g3,2080,20,3
FGOALS-g3,2085,16,3
FGOALS-g3,2090,12,0
FGOALS-g3,2095,1,8
FGOALS-g3,2100,17,0
GISS-E2-1-G,2025,45,3
GISS-E2-1-G,2030,34,8
GISS-E2-1-G,2035,42,2
GISS-E2-1-G,2040,30,2
GISS-E2-1-G,2045,15,1
GISS-E2-1-G,2050,17,5
GISS-E2-1-G,2055,34,4
GISS-E2-1-G,2060,13,4
GISS-E2-1-G,2065,20,7
GISS-E2-1-G,2070,14,4
GISS-E2-1-G,2075,24,3
GISS-E2-1-G,2080,18,4
GISS-E2-1-G,2085,21,4
GISS-E2-1-G,2090,5,2
GISS-E2-1-G,2095,8,10
GISS-E2-1-G,2100,4,9
HadGEM3-GC31-LL,2025,24,4
HadGEM3-GC31-LL,2030,26,1
HadGEM3-GC31-LL,2035,17,1
HadGEM3-GC31-LL,2040,41,2
HadGEM3-GC31-LL,2045,33,0
HadGEM3-GC31-LL,2050,9,6
HadGEM3-GC31-LL,2055,18,1
HadGEM3-GC31-LL,2060,23,3
HadGEM3-GC31-LL,2065,2,0
HadGEM3-GC31-LL,2070,19,0
HadGEM3-GC31-LL,2075,4,1
HadGEM3-GC31-LL,2080,4,1
HadGEM3-GC31-LL,2085,0,2
HadGEM3-GC31-LL,2090,0,1
HadGEM3-GC31-LL,2095,0,0
HadGEM3-GC31-LL,2100,0,0
HadGEM3-GC31-MM,2025,24,0
HadGEM3-GC31-MM,2030,36,0
HadGEM3-GC31-MM,2035,9,4
HadGEM3-GC31-MM,2040,25,1
HadGEM3-GC31-MM,2045,18,4
HadGEM3-GC31-MM,2050,21,2
HadGEM3-GC31-MM,2055,8,2
HadGEM3-GC31-MM,2060,19,0
HadGEM3-GC31-MM,2065,18,1
HadGEM3-GC31-MM,2070,15,0
HadGEM3-GC31-MM,2075,6,3
HadGEM3-GC31-MM,2080,14,1
HadGEM3-GC31-MM,2085,3,4
HadGEM3-GC31-MM,2090,0,0
HadGEM3-GC31-MM,2095,0,2
HadGEM3-GC31-MM,2100,0,1
IITM-ESM,2025,22,2
IITM-ESM,2030,28,0
IITM-ESM,2035,27,3
IITM-ESM,2040,29,4
IITM-ESM,2045,25,1
IITM-ESM,2050,25,0
IITM-ESM,2055,38,1
IITM-ESM,2060,19,0
IITM-ESM,2065,17,2
IITM-ESM,2070,5,1
IITM-ESM,2075,17,0
IITM-ESM,2080,14,1
IITM-ESM,2085,15,1
IITM-ESM,2090,12,2
IITM-ESM,2095,14,3
IPSL-CM6A-LR,2025,26,0
IPSL-CM6A-LR,2030,20,3
IPSL-CM6A-LR,2035,22,1
IPSL-CM6A-LR,2040,8,2
IPSL-CM6A-LR,2045,23,3
IPSL-CM6A-LR,2050,19,0
IPSL-CM6A-LR,2055,23,1
IPSL-CM6A-LR,2060,14,0
IPSL-CM6A-LR,2065,20,1
IPSL-CM6A-LR,2070,12,1
IPSL-CM6A-LR,2075,16,0
IPSL-CM6A-LR,2080,4,0
IPSL-CM6A-LR,2085,8,0
IPSL-CM6A-LR,2090,0,0
IPSL-CM6A-LR,2095,0,0
IPSL-CM6A-LR,2100,0,1
KACE-1-0-G,2025,19,6
KACE-1-0-G,2030,21,0
KACE-1-0-G,2035,19,1
KACE-1-0-G,2040,19,0
KACE-1-0-G,2045,10,1
KACE-1-0-G,2050,6,0
KACE-1-0-G,2055,14,0
KACE-1-0-G,2060,14,5
KACE-1-0-G,2065,6,2
KACE-1-0-G,2070,3,1
KACE-1-0-G,2075,5,6
KACE-1-0-G,2080,2,9
KACE-1-0-G,2085,1,4
KACE-1-0-G,2090,3,1
KACE-1-0-G,2095,0,3
KACE-1-0-G,2100,0,1
MIROC-ES2L,2025,23,4
MIROC-ES2L,2030,47,5
MIROC-ES2L,2035,32,2
MIROC-ES2L,2040,36,3
MIROC-ES2L,2045,13,5
MIROC-ES2L,2050,26,2
MIROC-ES2L,2055,19,2
MIROC-ES2L,2060,5,6
MIROC-ES2L,2065,19,5
MIROC-ES2L,2070,13,1
MIROC-ES2L,2075,10,6
MIROC-ES2L,2080,9,4
MIROC-ES2L,2085,1,5
MIROC-ES2L,2090,2,5
MIROC-ES2L,2095,5,7
MIROC-ES2L,2100,7,12
MIROC6,2025,12,2
MIROC6,2030,18,3
MIROC6,2035,21,6
MIROC6,2040,23,2
MIROC6,2045,15,3
MIROC6,2050,18,5
MIROC6,2055,28,3
MIROC6,2060,23,3
MIROC6,2065,21,0
MIROC6,2070,11,5
MIROC6,2075,8,3
MIROC6,2080,7,4
MIROC6,2085,5,1
MIROC6,2090,6,4
MIROC6,2095,3,4
MIROC6,2100,5,1
MPI-ESM1-2-HR,2025,20,3
MPI-ESM1-2-HR,2030,12,5
MPI-ESM1-2-HR,2035,15,2
MPI-ESM1-2-HR,2040,32,5
MPI-ESM1-2-HR,2045,37,1
MPI-ESM1-2-HR,2050,30,8
MPI-ESM1-2-HR,2055,18,2
MPI-ESM1-2-HR,2060,16,4
MPI-ESM1-2-HR,2065,20,0
MPI-ESM1-2-HR,2070,20,3
MPI-ESM1-2-HR,2075,18,2
MPI-ESM1-2-HR,2080,27,0
MPI-ESM1-2-HR,2085,10,0
MPI-ESM1-2-HR,2090,6,0
MPI-ESM1-2-HR,2095,20,5
MPI-ESM1-2-HR,2100,15,3
MPI-ESM1-2-LR,2025,21,4
MPI-ESM1-2-LR,2030,18,4
MPI-ESM1-2-LR,2035,20,1
MPI-ESM1-2-LR,2040,18,7
MPI-ESM1-2-LR,2045,27,3
MPI-ESM1-2-LR,2050,32,4
MPI-ESM1-2-LR,2055,23,6
MPI-ESM1-2-LR,2060,23,6
MPI-ESM1-2-LR,2065,14,3
MPI-ESM1-2-LR,2070,17,3
MPI-ESM1-2-LR,2075,10,5
MPI-ESM1-2-LR,2080,21,7
MPI-ESM1-2-LR,2085,15,4
MPI-ESM1-2-LR,2090,20,2
MPI-ESM1-2-LR,2095,10,5
MPI-ESM1-2-LR,2100,2,4
MRI-ESM2-0,2025,25,1
MRI-ESM2-0,2030,26,5
MRI-ESM2-0,2035,25,5
MRI-ESM2-0,2040,21,3
MRI-ESM2-0,2045,11,3
MRI-ESM2-0,2050,12,5
MRI-ESM2-0,2055,23,3
MRI-ESM2-0,2060,12,13
MRI-ESM2-0,2065,12,5
MRI-ESM2-0,2070,20,6
MRI-ESM2-0,2075,3,9
MRI-ESM2-0,2080,13,8
MRI-ESM2-0,2085,5,4
MRI-ESM2-0,2090,8,5
MRI-ESM2-0,2095,10,5
MRI-ESM2-0,2100,14,7
NESM3,2025,0,0
NESM3,2030,0,0
NESM3,2035,0,0
NESM3,2040,0,0
NESM3,2045,0,0
NESM3,2050,0,0
NESM3,2055,0,0
NESM3,2060,0,0
NESM3,2065,0,0
NESM3,2070,0,0
NESM3,2075,0,0
NESM3,2080,0,0
NESM3,2085,0,0
NESM3,2090,0,0
NESM3,2095,0,0
NESM3,2100,0,0
NorESM2-LM,2025,51,4
NorESM2-LM,2030,33,4
NorESM2-LM,2035,29,6
NorESM2-LM,2040,31,1
NorESM2-LM,2045,20,1
NorESM2-LM,2050,28,5
NorESM2-LM,2055,30,3
NorESM2-LM,2060,20,8
NorESM2-LM,2065,25,0
NorESM2-LM,2070,24,0
NorESM2-LM,2075,24,4
NorESM2-LM,2080,7,4
NorESM2-LM,2085,15,7
NorESM2-LM,2090,22,7
NorESM2-LM,2095,12,2
NorESM2-LM,2100,3,0
NorESM2-MM,2025,33,2
NorESM2-MM,2030,21,3
NorESM2-MM,2035,39,2
NorESM2-MM,2040,26,8
NorESM2-MM,2045,25,4
NorESM2-MM,2050,22,2
NorESM2-MM,2055,16,2
NorESM2-MM,2060,17,3
NorESM2-MM,2065,32,0
NorESM2-MM,2070,33,1
NorESM2-MM,2075,18,4
NorESM2-MM,2080,7,2
NorESM2-MM,2085,5,2
NorESM2-MM,2090,5,4
NorESM2-MM,2095,13,8
NorESM2-MM,2100,1,4
TaiESM1,2025,29,3
TaiESM1,2030,31,2
TaiESM1,2035,16,1
TaiESM1,2040,28,3
TaiESM1,2045,12,3
TaiESM1,2050,6,1
TaiESM1,2055,23,1
TaiESM1,2060,23,3
TaiESM1,2065,7,5
TaiESM1,2070,22,0
TaiESM1,2075,19,1
TaiESM1,2080,3,4
TaiESM1,2085,3,0
TaiESM1,2090,1,5
TaiESM1,2095,9,0
TaiESM1,2100,0,1
UKESM1-0-LL,2025,26,2
UKESM1-0-LL,2030,28,1
UKESM1-0-LL,2035,19,1
UKESM1-0-LL,2040,24,4
UKESM1-0-LL,2045,23,1
UKESM1-0-LL,2050,10,1
UKESM1-0-LL,2055,7,1
UKESM1-0-LL,2060,1,0
UKESM1-0-LL,2065,1,1
UKESM1-0-LL,2070,12,2
UKESM1-0-LL,2075,0,3
UKESM1-0-LL,2080,1,3
UKESM1-0-LL,2085,1,2
UKESM1-0-LL,2090,0,0
UKESM1-0-LL,2095,0,0
UKESM1-0-LL,2100,0,0
